<?xml version="1.0" encoding="utf-8"?>
<extension type="component" version="2.5.0" method="upgrade">
	<name>redmigrator</name>
	<author>Matias Aguirre</author>
	<authorEmail>maguirre@matware.com.ar</authorEmail>
	<authorUrl>http://www.matware.com.ar</authorUrl>
	<copyright>Copyright 2006 - 2013 Matias Aguirre. All rights reserved.</copyright>
	<license>GNU General Public License version 2 or later.</license>
	<creationDate>2012-08-30</creationDate>
	<version>3.1.0</version>
	<description></description>

	<install>
		<sql>
			<file charset="utf8" driver="mysql">sql/install.sql</file>
		</sql>
	</install>

	<files folder="site">
		<filename>index.html</filename>
	</files>

	<administration>
		<menu img="components/com_redmigrator/images/redmigrator.png">COM_REDMIGRATOR</menu>

		<files folder="admin">
			<folder>controllers</folder>
			<folder>css</folder>
			<folder>helpers</folder>
			<folder>images</folder>
			<folder>includes</folder>
			<folder>js</folder>
			<folder>language</folder>
			<folder>models</folder>
			<folder>sql</folder>
			<folder>views</folder>

			<filename>redmigrator.php</filename>
			<filename>config.xml</filename>
			<filename>access.xml</filename>
			<filename>controller.php</filename>
			<filename>index.html</filename>
		</files>

		<languages folder="admin">
			<language tag="en-GB">language/en-GB/en-GB.com_redmigrator.ini</language>
			<language tag="en-GB">language/en-GB/en-GB.com_redmigrator.sys.ini</language>
		</languages>
	</administration>

</extension>
